Date,Open,High,Low,Close,Adj Close,Volume,MA_20,Volatility,RSI,MACD,MACD_Signal,BB_Mid,BB_Upper,BB_Lower
2024-01-02,187.1499938964844,188.44000244140625,183.88999938964844,185.63999938964844,185.15228271484375,82488700,,,,0.0,0.0,,,
2024-01-03,184.22000122070312,185.8800048828125,183.42999267578125,184.25,183.76593017578125,58414500,,,,-0.11088314219418294,-0.02217662843883659,,,
2024-01-04,182.1499938964844,183.08999633789065,180.8800048828125,181.91000366210935,181.43209838867188,71983600,,,,-0.38316014787955055,-0.09437333232697939,,,
2024-01-05,181.9900054931641,182.7599945068359,180.1699981689453,181.17999267578125,180.70399475097656,62303300,,,,-0.6503505854554419,-0.2055687829526719,,,
2024-01-08,182.08999633789065,185.6000061035156,181.5,185.55999755859375,185.0724945068359,59144500,,,,-0.5028743212753852,-0.2650298906172146,,,
2024-01-09,183.9199981689453,185.1499938964844,182.72999572753903,185.13999938964844,184.65359497070312,42841800,,,,-0.4151036055940551,-0.2950446336125827,,,
2024-01-10,184.3500061035156,186.3999938964844,183.9199981689453,186.19000244140625,185.7008514404297,46792900,,,,-0.2578459227337646,-0.2876048914368191,,,
2024-01-11,186.5399932861328,187.0500030517578,183.6199951171875,185.58999633789065,185.1024169921875,49128400,,,,-0.1795636561267031,-0.2659966443747959,,,
2024-01-12,186.05999755859375,186.7400054931641,185.19000244140625,185.9199981689453,185.4315490722656,40444700,,,,-0.08986015410113168,-0.23076934632006307,,,
2024-01-16,182.16000366210935,184.2599945068359,180.92999267578125,183.6300048828125,183.14756774902344,65603000,,,,-0.2012331123298452,-0.22486209952201952,,,
2024-01-17,181.27000427246097,182.92999267578125,180.3000030517578,182.67999267578125,182.20005798339844,47317400,,,,-0.36198232275847886,-0.2522861441693114,,,
2024-01-18,186.08999633789065,189.13999938964844,185.8300018310547,188.6300048828125,188.13442993164065,78005800,,,,-0.009155433242739264,-0.20366000198399697,,,
2024-01-19,189.3300018310547,191.9499969482422,188.82000732421875,191.55999755859375,191.0567321777344,68741000,,,,0.5011118353375537,-0.06270563451968685,,,
2024-01-22,192.3000030517578,195.3300018310547,192.2599945068359,193.88999938964844,193.3805999755859,60133900,,,66.05681085184207,1.0810522991203584,0.16604595220832222,,,
2024-01-23,195.02000427246097,195.75,193.8300018310547,195.17999267578125,194.6672210693359,42355600,,,67.6797331467744,1.62600737135827,0.4580382360383118,,,
2024-01-24,195.4199981689453,196.3800048828125,194.33999633789065,194.5,193.9889984130859,53631300,,,69.508931060761,1.9801920450281045,0.7624689978362704,,,
2024-01-25,195.22000122070312,196.27000427246097,193.11000061035156,194.1699981689453,193.65988159179688,54822100,,,75.26789336469804,2.2087959362234244,1.0517343855137014,,,
2024-01-26,194.27000427246097,194.7599945068359,191.94000244140625,192.4199981689453,191.9144744873047,44594000,,,72.23101117790186,2.223128945721527,1.2860132975552665,,,
2024-01-29,192.0099945068359,192.1999969482422,189.5800018310547,191.72999572753903,191.2262725830078,47145600,,,64.28901078009187,2.1539807789685597,1.4596067938379251,,,
2024-01-30,190.94000244140625,191.8000030517578,187.47000122070312,188.0399932861328,187.5459747314453,55859400,187.89049835205077,4.536522075353442,55.832646913319586,1.7808989062269234,1.523865216315725,187.89049835205077,196.96354250275766,178.81745420134388
2024-01-31,187.0399932861328,187.1000061035156,184.3500061035156,184.3999938964844,183.91554260253903,55467800,187.82849807739257,4.577189515507787,46.739512297077695,1.1779328277681884,1.4546787386062177,187.82849807739257,196.98287710840813,178.674119046377
2024-02-01,183.9900054931641,186.9499969482422,183.82000732421875,186.86000061035156,186.3690948486328,64885400,187.95899810791016,4.506453542310618,52.16650241740549,0.8883396229279015,1.3414109154705545,187.95899810791016,196.9719051925314,178.94609102328891
2024-02-02,179.86000061035156,187.3300018310547,179.25,185.8500061035156,185.3617401123047,102518000,188.15599822998047,4.3099375960705855,49.88330768154465,0.5707574690412969,1.187280226184703,188.15599822998047,196.77587342212163,179.5361230378393
2024-02-05,188.1499938964844,189.25,185.83999633789065,187.67999267578125,187.1869201660156,69668800,188.48099822998046,3.9893615592225,56.85741273346775,0.46141701841011695,1.0421075846297858,188.48099822998046,196.45972134842546,180.50227511153545
2024-02-06,186.86000061035156,189.30999755859375,186.77000427246097,189.3000030517578,188.80267333984375,43490800,188.66799850463866,3.932484478339557,60.960283186985365,0.4997247065301451,0.9336310090098577,188.66799850463866,196.53296746131778,180.80302954795954
2024-02-07,190.63999938964844,191.0500030517578,188.61000061035156,189.41000366210935,188.91238403320312,53439000,188.88149871826172,3.845820673141228,51.6009836788486,0.5328179615065949,0.8534683995092052,188.88149871826172,196.5731400645442,181.18985737197926
2024-02-08,189.38999938964844,189.5399932861328,187.3500061035156,188.32000732421875,187.82525634765625,40962000,188.98799896240234,3.7965404659787283,42.80641248890483,0.4657224509981859,0.7759192098070014,188.98799896240234,196.5810798943598,181.3949180304449
2024-02-09,188.6499938964844,189.9900054931641,188.0,188.8500061035156,188.59420776367188,45155200,189.1509994506836,3.712013978080124,37.83784579922737,0.4501264698771479,0.7107606618210307,189.1509994506836,196.57502740684384,181.72697149452335
2024-02-12,188.4199981689453,188.6699981689453,186.7899932861328,187.1499938964844,186.89649963378903,41781900,189.21249923706054,3.6655646306403975,30.998587497183607,0.2971642405761088,0.6280413775720464,189.21249923706054,196.54362849834135,181.88136997577973
2024-02-13,185.77000427246097,186.2100067138672,183.5099945068359,185.0399932861328,184.7893524169922,56529500,189.28299865722656,3.5647180186485605,29.03368497517394,0.005616414052042273,0.5035563848680455,189.28299865722656,196.41243469452368,182.15356261992943
2024-02-14,185.32000732421875,185.52999877929688,182.44000244140625,184.1499938964844,183.9005584716797,54630500,189.35649871826172,3.434171019255801,28.330450312270372,-0.293865354781218,0.3440720369381929,189.35649871826172,196.22484075677332,182.48815667975012
2024-02-15,183.5500030517578,184.4900054931641,181.3500061035156,183.86000061035156,183.6109619140625,65434500,189.11799850463868,3.64636179398316,30.240082845488843,-0.5482865428773493,0.16560032097508445,189.11799850463868,196.410722092605,181.82527491667236
2024-02-16,183.4199981689453,184.8500061035156,181.6699981689453,182.30999755859375,182.06304931640625,49701400,188.65549850463867,3.898248762157673,29.085265582154463,-0.8650180699546581,-0.04052335721086407,188.65549850463867,196.45199602895403,180.85900098032332
2024-02-20,181.7899932861328,182.42999267578125,180.0,181.55999755859375,181.31407165527344,53665600,188.03899841308595,4.000494783372879,33.45251501135827,-1.1631408553291465,-0.26504685683452056,188.03899841308595,196.03998797983172,180.03800884634018
2024-02-21,181.94000244140625,182.88999938964844,180.66000366210935,182.32000732421875,182.07305908203125,41529700,187.3959991455078,3.821816257230902,43.772499844671,-1.3228301120789183,-0.47660350788340017,187.3959991455078,195.03963165996961,179.752366631046
2024-02-22,183.47999572753903,184.9600067138672,182.4600067138672,184.3699951171875,184.12026977539065,52292200,186.88949890136718,3.4874084245222696,42.35725439100168,-1.2693360008388765,-0.6351500064744955,186.88949890136718,193.86431575041172,179.91468205232263
2024-02-23,185.0099945068359,185.0399932861328,182.22999572753903,182.52000427246097,182.2727813720703,45119700,186.30699920654297,3.1654302834359775,40.280198925559795,-1.3605369098359574,-0.7802273871467879,186.30699920654297,192.63785977341493,179.976138639671
2024-02-26,182.2400054931641,182.7599945068359,180.6499938964844,181.16000366210935,180.9146270751953,40867400,185.74399948120117,3.0189093683504344,30.432210142604433,-1.5249759965160194,-0.9291771090206342,185.74399948120117,191.78181821790204,179.7061807445003
2024-02-27,181.1000061035156,183.9199981689453,179.55999755859375,182.6300048828125,182.38262939453125,54318900,185.28899993896485,2.7423269157192216,29.800119963142222,-1.5191663403088,-1.0471749552782674,185.28899993896485,190.77365377040329,179.8043461075264
2024-02-28,182.5099945068359,183.1199951171875,180.1300048828125,181.4199981689453,181.17425537109375,48953900,184.95800018310547,2.7918751939526656,27.314011311086105,-1.593826930536892,-1.1565053503299925,184.95800018310547,190.5417505710108,179.37424979520014
2024-02-29,181.27000427246097,182.57000732421875,179.52999877929688,180.75,180.5051727294922,136682600,184.77550048828124,2.945349113669181,27.981366349359647,-1.687605572477196,-1.2627253947594332,184.77550048828124,190.6661987156196,178.88480226094288
2024-03-01,179.5500030517578,180.52999877929688,177.3800048828125,179.66000366210938,179.41665649414062,73488000,184.41550064086914,3.1124344494756517,24.11266917913744,-1.8287981699262446,-1.3759399497927955,184.41550064086914,190.64036953982045,178.19063174191783
2024-03-04,176.14999389648438,176.89999389648438,173.7899932861328,175.10000610351562,174.86282348632812,81510100,183.87800064086915,3.7204995660350577,20.76662698342193,-2.282338635052753,-1.5572196868447872,183.87800064086915,191.31899977293926,176.43700150879903
2024-03-05,170.75999450683594,172.0399932861328,169.6199951171875,170.1199951171875,169.8895721435547,95132400,183.00000076293946,4.715094017255998,18.228277504654713,-3.008932882878298,-1.8475623260514895,183.00000076293946,192.43018879745145,173.56981272842748
2024-03-06,171.05999755859375,171.24000549316406,168.67999267578125,169.1199951171875,168.8909149169922,68587700,181.99100036621093,5.404739694373171,18.143278693190325,-3.623684126811355,-2.2027866862034626,181.99100036621093,192.80047975495728,171.18152097746457
2024-03-07,169.14999389648438,170.72999572753906,168.49000549316406,169.0,168.77108764648438,71765100,180.97050018310546,5.839561448253775,18.274974867300074,-4.073603553750388,-2.576950059712848,180.97050018310546,192.649623079613,169.2913772865979
2024-03-08,169.0,173.6999969482422,168.94000244140625,170.72999572753906,170.4987335205078,76114600,180.09099960327148,5.996890997751459,25.46608829799139,-4.241676339568471,-2.909895315683973,180.09099960327148,192.0847815987744,168.09721760776856
2024-03-11,172.94000244140625,174.3800048828125,172.0500030517578,172.75,172.51600646972656,60139500,179.2859992980957,5.837721715012265,32.28789849559482,-4.1638791632516075,-3.1606920851975,179.2859992980957,190.96144272812023,167.61055586807117
2024-03-12,173.14999389648438,174.02999877929688,171.00999450683594,173.22999572753906,172.99534606933594,59825400,178.58999938964843,5.678423392978227,31.51683897714534,-4.017185087721032,-3.3319906857022064,178.58999938964843,189.9468461756049,167.23315260369196
2024-03-13,172.77000427246094,173.19000244140625,170.75999450683594,171.1300048828125,170.89820861816406,52488700,177.8944999694824,5.698661247571251,23.133119396385766,-4.0239945821100775,-3.4703914649837806,177.8944999694824,189.29182246462491,166.4971774743399
2024-03-14,172.91000366210938,174.30999755859375,172.0500030517578,173.0,172.7656707763672,72913500,177.3370002746582,5.59900774932374,30.697468066977834,-3.8342987682846967,-3.543172925643964,177.3370002746582,188.5350157733057,166.13898477601072
2024-03-15,171.1699981689453,172.6199951171875,170.2899932861328,172.6199951171875,172.3861846923828,121664700,176.775,5.472479404710301,31.96788178558826,-3.6722947592921855,-3.5689972923736084,176.775,187.7199588094206,165.8300411905794
2024-03-18,175.57000732421875,177.7100067138672,173.52000427246094,173.72000122070312,173.4846954345703,75604200,176.34550018310546,5.350946810357403,30.888021031077926,-3.4157692538547337,-3.5383516846698337,176.34550018310546,187.04739380382026,165.64360656239066
2024-03-19,174.33999633789062,176.61000061035156,173.02999877929688,176.0800018310547,175.84149169921875,55215200,176.0715003967285,5.208282838626434,39.0842228058465,-2.9875994302064157,-3.42820123377715,176.0715003967285,186.48806607398137,165.65493471947565
2024-03-20,175.72000122070312,178.6699981689453,175.08999633789062,178.6699981689453,178.42799377441406,53423100,175.88899993896484,5.039006877524916,46.05761438745887,-2.411482630533925,-3.224857513128505,175.88899993896484,185.96701369401467,165.81098618391502
2024-03-21,177.0500030517578,177.49000549316406,170.83999633789062,171.3699951171875,171.13787841796875,106181300,175.23899993896484,4.715508240115432,37.281360115890024,-2.514964211779329,-3.08287885285867,175.23899993896484,184.6700164191957,165.807983458734
2024-03-22,171.75999450683594,173.0500030517578,170.05999755859375,172.27999877929688,172.04664611816406,71106600,174.72699966430665,4.430659446122993,45.12783848251513,-2.4947860791762366,-2.9652602981221836,174.72699966430665,183.58831855655262,165.86568077206067
2024-03-25,170.57000732421875,171.94000244140625,169.4499969482422,170.85000610351562,170.61859130859375,54288300,174.21149978637695,4.238401235164392,51.43759638163944,-2.564619880142942,-2.8851322145263354,174.21149978637695,182.68830225670573,165.73469731604817
2024-03-26,170.0,171.4199981689453,169.5800018310547,169.7100067138672,169.48013305664062,57388400,173.56549987792968,3.855022354795457,51.15552678717113,-2.6810466569390314,-2.8443151030088747,173.56549987792968,181.27554458752059,165.85545516833878
2024-03-27,170.41000366210938,173.60000610351562,170.11000061035156,173.30999755859375,173.0752410888672,60273300,173.1599998474121,3.3829781515241426,57.42847404636445,-2.454532222006918,-2.7663585268084834,173.1599998474121,179.9259561504604,166.39404354436383
2024-03-28,171.75,172.22999572753906,170.50999450683594,171.47999572753906,171.2477264404297,65672700,172.69649963378907,2.887030388934896,51.288217755766986,-2.3950748225059613,-2.692101785947979,172.69649963378907,178.47056041165888,166.92243885591927
2024-04-01,171.19000244140625,171.25,169.47999572753906,170.02999877929688,169.79969787597656,46240500,172.21499938964843,2.4316653771098653,45.23475242675883,-2.4368663621014264,-2.641054701178669,172.21499938964843,177.07833014386816,167.3516686354287
2024-04-02,169.0800018310547,169.33999633789062,168.22999572753906,168.83999633789062,168.61129760742188,49329500,171.9019989013672,2.4436268274570887,42.495723624321634,-2.5367674341803763,-2.6201972477790108,171.9019989013672,176.78925255628138,167.014745246453
2024-04-03,168.7899932861328,170.67999267578125,168.5800018310547,169.64999389648438,169.42019653320312,47691700,171.87849884033204,2.463842456550394,47.35334149027552,-2.5215132844492416,-2.600460455113057,171.87849884033204,176.80618375343283,166.95081392723125
2024-04-04,170.2899932861328,171.9199981689453,168.82000732421875,168.82000732421875,168.59133911132812,53704400,171.8634994506836,2.4823630644699004,42.23626424702476,-2.547036588465147,-2.5897756817834754,171.8634994506836,176.8282255796234,166.89877332174382
2024-04-05,169.58999633789062,170.38999938964844,168.9499969482422,169.5800018310547,169.3502960205078,42055200,171.89249954223632,2.4503309493083387,44.43224112711702,-2.477381078662006,-2.5672967611591817,171.89249954223632,176.793161440853,166.99183764361965
2024-04-08,169.02999877929688,169.1999969482422,168.24000549316406,168.4499969482422,168.22183227539062,37425500,171.77849960327148,2.5579371080949973,40.35856237825198,-2.484718250195442,-2.550781058966434,171.77849960327148,176.8943738194615,166.66262538708148
2024-04-09,168.6999969482422,170.0800018310547,168.35000610351562,169.6699981689453,169.44017028808594,42451200,171.62449951171874,2.5888978293369442,37.76248466254094,-2.3648288342160413,-2.5135906140163558,171.62449951171874,176.80229517039263,166.44670385304485
2024-04-10,168.8000030517578,169.08999633789062,167.11000061035156,167.77999877929688,167.552734375,49709300,171.35199966430665,2.6956386987517416,28.63866206208759,-2.394717945837016,-2.489816080380488,171.35199966430665,176.74327706181012,165.96072226680317
2024-04-11,168.33999633789062,175.4600067138672,168.16000366210938,175.0399932861328,174.8029022216797,91070300,171.54749908447266,2.8177119001796544,57.21022202316821,-1.8117002470364696,-2.3541929137116844,171.54749908447266,177.18292288483198,165.91207528411334
2024-04-12,174.25999450683594,178.36000061035156,174.2100067138672,176.5500030517578,176.3108673095703,101593300,171.72499923706056,3.018675795824077,58.195794192984934,-1.2138172225470214,-2.1261177754787517,171.72499923706056,177.76235082870872,165.6876476454124
2024-04-15,175.36000061035156,176.6300048828125,172.5,172.69000244140625,172.45608520507812,73531800,171.72849960327147,3.019808604542151,53.23033286471103,-1.0394779532167036,-1.9087898110263422,171.72849960327147,177.76811681235577,165.68888239418717
2024-04-16,171.75,173.75999450683594,168.27000427246094,169.3800048828125,169.15057373046875,73711200,171.51149978637696,3.025098576057306,49.461660585549595,-1.155086844276326,-1.758049217676339,171.51149978637696,177.56169693849156,165.46130263426235
2024-04-17,169.61000061035156,170.64999389648438,168.0,168.0,167.77244567871094,50901200,171.1074996948242,2.9206010992730382,40.66127519069466,-1.342586087532851,-1.6749565916476414,171.1074996948242,176.9487018933703,165.26629749627813
2024-04-18,168.02999877929688,168.63999938964844,166.5500030517578,167.0399932861328,166.81373596191406,43122900,170.5259994506836,2.4565559907207253,41.94484246240115,-1.5507688098510641,-1.6501190352883262,170.5259994506836,175.43911143212506,165.61288746924214
2024-04-19,166.2100067138672,166.39999389648438,164.0800018310547,165.0,164.77650451660156,67772100,170.2074996948242,2.738172447854492,41.06571959163894,-1.8589368594516884,-1.6918826001209988,170.2074996948242,175.6838445905332,164.73115479911522
2024-04-22,165.52000427246094,167.25999450683594,164.77000427246094,165.83999633789062,165.6153564453125,48116400,169.8854995727539,2.857679683304175,44.60431417750699,-2.0121863430454994,-1.755943348705899,169.8854995727539,175.60085893936224,164.17014020614556
2024-04-23,165.35000610351562,167.0500030517578,164.9199981689453,166.89999389648438,166.67391967773438,49537800,169.68799896240233,2.9232567612203577,45.09803708240946,-2.024764493972839,-1.8097075777592873,169.68799896240233,175.53451248484305,163.84148543996162
2024-04-24,166.5399932861328,169.3000030517578,166.2100067138672,169.02000427246094,168.7910614013672,48251800,169.65349884033202,2.927052578462525,50.34082629378514,-1.84242729454769,-1.8162515211169679,169.65349884033202,175.50760399725706,163.79939368340698
2024-04-25,169.52999877929688,170.61000061035156,168.14999389648438,169.88999938964844,169.65988159179688,50558300,169.48249893188478,2.799306581468422,50.52631142631536,-1.6091728720367087,-1.774835791300916,169.48249893188478,175.08111209482163,163.88388576894792
2024-04-26,169.8800048828125,171.33999633789062,169.17999267578125,169.3000030517578,169.0706787109375,44838400,169.3734992980957,2.7595949578676944,51.47008992708928,-1.4551507631543075,-1.7108987856715945,169.3734992980957,174.8926892138311,163.85430938236033
2024-04-29,173.3699951171875,176.02999877929688,173.10000610351562,173.5,173.26498413085938,68169400,169.54699935913087,2.908127389419109,56.00502023260921,-0.9828527644475571,-1.565289581426787,169.54699935913087,175.36325413796908,163.73074458029265
2024-04-30,173.3300018310547,174.99000549316406,170.0,170.3300018310547,170.0992889404297,65934800,169.62149963378906,2.9081476029398896,53.843839602839054,-0.8544954653829677,-1.4231307582180233,169.62149963378906,175.43779483966884,163.80520442790927
2024-05-01,169.5800018310547,172.7100067138672,169.11000061035156,169.3000030517578,169.0706787109375,50383100,169.60400009155273,2.9090200066155134,39.34671545249612,-0.8263579346593701,-1.3037761935062928,169.60400009155273,175.42204010478378,163.7859600783217
2024-05-02,172.50999450683594,173.4199981689453,170.88999938964844,173.02999877929688,172.79562377929688,94214900,169.81449966430665,3.000194480761979,43.96432497884647,-0.49734615956330686,-1.1424901867176958,169.81449966430665,175.8148886258306,163.8141107027827
2024-05-03,186.6499938964844,187.0,182.66000366210935,183.3800048828125,183.1316070556641,163224100,170.50449981689454,4.2640980407015565,64.99299336831086,0.5917358737361553,-0.7956449746269256,170.50449981689454,179.03269589829765,161.97630373549143
2024-05-06,182.3500061035156,184.1999969482422,180.4199981689453,181.7100067138672,181.46388244628903,78569700,171.1675003051758,4.909813587120352,68.12702708401847,1.3050426171319884,-0.37550745627514287,171.1675003051758,180.9871274794165,161.34787313093508
2024-05-07,183.4499969482422,184.8999938964844,181.32000732421875,182.3999938964844,182.1529235839844,77305800,171.80400009155272,5.495657998125133,71.60864933977759,1.9040706088089223,0.08040815674167016,171.80400009155272,182.795316087803,160.81268409530244
2024-05-08,182.8500061035156,183.07000732421875,181.4499969482422,182.7400054931641,182.4924774169922,45057100,172.5520004272461,5.920777053171439,74.00614831551276,2.3788191557688947,0.5400903565471151,172.5520004272461,184.39355453358897,160.71044632090323
2024-05-09,182.55999755859375,184.66000366210935,182.11000061035156,184.57000732421875,184.32000732421875,48983000,173.02850112915038,6.487874277958741,80.11697938818295,2.8696471473941187,1.006001714716516,173.02850112915038,186.00424968506786,160.0527525732329
2024-05-10,184.8999938964844,185.08999633789065,182.1300048828125,183.0500030517578,183.0500030517578,50759500,173.3535011291504,6.8274784020521055,75.94212792266549,3.100242559013651,1.424849883575943,173.3535011291504,187.00845793325462,159.69854432504619
2024-05-13,185.44000244140625,187.1000061035156,184.6199951171875,186.27999877929688,186.27999877929688,72044800,174.03300094604492,7.4094338026694855,77.41936458837966,3.50324155710598,1.8405282182819507,174.03300094604492,188.8518685513839,159.21413334070596
2024-05-14,187.5099945068359,188.3000030517578,186.2899932861328,187.42999267578125,187.42999267578125,52393600,174.93550033569335,7.896146256319349,76.78207621762944,3.8707959370163394,2.2465817620288284,174.93550033569335,190.72779284833206,159.14320782305464
2024-05-15,187.91000366210935,190.6499938964844,187.3699951171875,189.72000122070312,189.72000122070312,70400000,176.02150039672853,8.371397943950585,77.70327682450002,4.29733300250092,2.656732010123247,176.02150039672853,192.7642962846297,159.27870450882736
2024-05-16,190.47000122070312,191.1000061035156,189.66000366210935,189.83999633789065,189.83999633789065,52845200,177.1615005493164,8.63230505388685,79.07700722027745,4.592114268254505,3.043808461749499,177.1615005493164,194.4261106570901,159.8968904415427
2024-05-17,189.5099945068359,190.80999755859375,189.17999267578125,189.8699951171875,189.8699951171875,41282900,178.40500030517578,8.57933571848197,76.27608077803674,4.77312952987711,3.3896726753750213,178.40500030517578,195.56367174213972,161.24632886821183
2024-05-20,189.3300018310547,191.9199981689453,189.0099945068359,191.0399932861328,191.0399932861328,44361300,179.66500015258788,8.486852856219695,85.52314887032591,4.953889152547106,3.7025159708094386,179.66500015258788,196.63870586502728,162.69129444014848
2024-05-21,191.08999633789065,192.72999572753903,190.9199981689453,192.3500061035156,192.3500061035156,42309400,180.93750076293946,8.379440980755009,89.16071498010342,5.143557809272977,3.9907243385021465,180.93750076293946,197.69638272444948,164.17861880142945
2024-05-22,192.27000427246097,192.82000732421875,190.27000427246097,190.8999938964844,190.8999938964844,34648500,182.03150024414063,8.167243435588704,82.90972200366002,5.117872075841774,4.216153885970072,182.03150024414063,198.36598711531803,165.69701337296323
2024-05-23,190.97999572753903,191.0,186.6300048828125,186.8800048828125,186.8800048828125,51005900,182.88100051879883,7.708615758343561,58.40537648593585,4.718741712936492,4.316671451363356,182.88100051879883,198.29823203548594,167.46376900211172
2024-05-24,188.82000732421875,190.5800018310547,188.0399932861328,189.97999572753903,189.97999572753903,36294600,183.91500015258788,7.1583646956634475,68.58424497454354,4.599550621773091,4.373247285445303,183.91500015258788,198.23172954391478,169.59827076126098
2024-05-28,191.5099945068359,193.0,189.1000061035156,189.9900054931641,189.9900054931641,52280100,184.7395004272461,6.838124415278351,67.59388885076754,4.454549256760174,4.389507679708277,184.7395004272461,198.41574925780282,171.06325159668938
2024-05-29,189.61000061035156,192.25,189.5099945068359,190.2899932861328,190.2899932861328,53068000,185.7375,6.033647858364853,67.53364658856549,4.314110754758843,4.374428294718391,185.7375,197.80479571672973,173.6702042832703
2024-05-30,190.7599945068359,192.17999267578125,190.6300048828125,191.2899932861328,191.2899932861328,49947900,186.83699951171874,4.747044040574647,66.23185254257908,4.2346890138204,4.346480438538793,186.83699951171874,196.33108759286804,177.34291143056944
2024-05-31,191.44000244140625,192.57000732421875,189.91000366210935,192.25,192.25,75158300,187.7979995727539,3.615398340539903,72.84011228165883,4.2007871710139,4.317341785033815,187.7979995727539,195.0287962538337,180.5672028916741
2024-06-03,192.8999938964844,194.9900054931641,192.52000427246097,194.02999877929688,194.02999877929688,50080500,188.33049926757812,3.71341109029534,70.73300959776897,4.268347884302983,4.307543004887648,188.33049926757812,195.7573214481688,180.90367708698744
2024-06-04,194.63999938964844,195.32000732421875,193.02999877929688,194.3500061035156,194.3500061035156,47471400,188.96249923706054,3.6012722770145817,69.37292071417222,4.2981655757429,4.305667519058699,188.96249923706054,196.16504379108972,181.75995468303137
2024-06-05,195.3999938964844,196.8999938964844,194.8699951171875,195.8699951171875,195.8699951171875,54156800,189.6359992980957,3.56879055582285,67.99296434853267,4.393797755873436,4.323293566421647,189.6359992980957,196.77358040974138,182.49841818645
2024-06-06,195.69000244140625,196.5,194.1699981689453,194.47999572753903,194.47999572753903,41181800,190.22299880981444,3.3325133308922927,62.636163495093555,4.307768341634841,4.320188521464286,190.22299880981444,196.88802547159904,183.55797214802985
2024-06-07,194.6499938964844,196.94000244140625,194.13999938964844,196.88999938964844,196.88999938964844,53103900,190.83899841308593,3.371012113216541,66.92382452544369,4.383526006184439,4.332856018408317,190.83899841308593,197.581022639519,184.09697418665286
2024-06-10,196.8999938964844,197.3000030517578,192.1499938964844,193.1199951171875,193.1199951171875,97262100,191.3424980163574,2.8596557659697983,54.455871460129416,4.092184507886685,4.284721716303991,191.3424980163574,197.06180954829702,185.6231864844178
2024-06-11,193.6499938964844,207.16000366210935,193.6300048828125,207.1499938964844,207.1499938964844,172373300,192.3859977722168,4.339810713568447,70.5213377634321,4.936493099786645,4.415075993000522,192.3859977722168,201.0656191993537,183.7063763450799
2024-06-12,207.3699951171875,220.1999969482422,206.8999938964844,213.07000732421875,213.07000732421875,198134300,193.66799850463866,6.19099911431391,77.35012841779182,6.01398388710831,4.734857571822079,193.66799850463866,206.04999673326648,181.28600027601084
2024-06-13,214.7400054931641,216.75,211.6000061035156,214.2400054931641,214.2400054931641,97862700,194.8939987182617,7.628893101544872,86.3057256488122,6.882969584246467,5.164479974306957,194.8939987182617,210.15178492135146,179.63621251517196
2024-06-14,213.8500061035156,215.1699981689453,211.3000030517578,212.4900054931641,212.4900054931641,70122700,196.0264991760254,8.473567439135893,80.97990528047093,7.345759294719443,5.600735838389454,196.0264991760254,212.97363405429718,179.0793642977536
2024-06-17,213.3699951171875,218.9499969482422,212.72000122070312,216.6699981689453,216.6699981689453,93728300,197.3664993286133,9.505026531792712,82.93826256269284,7.9580781782609336,6.0722043063637505,197.3664993286133,216.3765523921987,178.35644626502787
2024-06-18,217.58999633789065,218.6300048828125,213.0,214.2899932861328,214.2899932861328,79943300,198.52899932861328,10.094075651891961,78.18223387435475,8.157266906301146,6.48921682635123,198.52899932861328,218.7171506323972,178.34084802482937
2024-06-20,213.92999267578125,214.2400054931641,208.8500061035156,209.67999267578125,209.67999267578125,86172500,199.39549865722657,10.27788933810235,69.90689796766483,7.852616807999198,6.761896822680824,199.39549865722657,219.95127733343128,178.83971998102186
2024-06-21,210.38999938964844,211.88999938964844,207.11000061035156,207.4900054931641,207.4900054931641,246421400,200.22499923706056,10.225487226115645,66.0691755394716,7.349742490682047,6.879465956281069,200.22499923706056,220.67597368929185,179.77402478482927
2024-06-24,207.72000122070312,212.6999969482422,206.58999633789065,208.13999938964844,208.13999938964844,80727000,201.28799896240236,9.863836597433895,65.2408756284898,6.923846256712295,6.888342016367315,201.28799896240236,221.01567215727016,181.56032576753455
2024-06-25,209.1499938964844,211.3800048828125,208.61000061035156,209.07000732421875,209.07000732421875,56713900,202.24249954223632,9.63294092340467,65.69296709632042,6.585451307422943,6.827763874578441,202.24249954223632,221.50838138904567,182.97661769542697
2024-06-26,211.5,214.86000061035156,210.63999938964844,213.25,213.25,66213200,203.40549926757814,9.4786950981898,67.53430764626702,6.578725890436061,6.777956277749965,203.40549926757814,222.36288946395774,184.44810907119853
2024-06-27,214.69000244140625,215.7400054931641,212.3500061035156,214.1000061035156,214.1000061035156,49772700,204.59599990844725,9.236876033540462,70.01224874127455,6.566292208570843,6.735623463914141,204.59599990844725,223.06975197552816,186.12224784136635
2024-06-28,215.77000427246097,216.07000732421875,210.3000030517578,210.6199951171875,210.6199951171875,82542700,205.5625,8.770866715329161,63.70532296747283,6.204113465082514,6.629321464147816,205.5625,223.10423343065833,188.02076656934167
2024-07-01,212.08999633789065,217.5099945068359,211.9199981689453,216.75,216.75,60402900,206.7875,8.521054283125043,72.52621485533687,6.338656281034446,6.571188427525143,206.7875,223.82960856625007,189.74539143374992
2024-07-02,216.1499938964844,220.3800048828125,215.1000061035156,220.27000427246097,220.27000427246097,58046200,208.0995002746582,8.473351867285965,65.64139823421617,6.652629981580162,6.5874767383361466,208.0995002746582,225.04620400923014,191.15279654008626
2024-07-03,220.0,221.5500030517578,219.02999877929688,221.5500030517578,221.5500030517578,37369800,209.45950012207032,8.3320294765542,61.36728556800943,6.924915490252715,6.654964488719461,209.45950012207032,226.12355907517872,192.79544116896193
2024-07-05,221.6499938964844,226.4499969482422,221.6499938964844,226.33999633789065,226.33999633789065,60412400,210.98300018310547,8.50042428123846,64.78493571134788,7.441435903174835,6.812258771610536,210.98300018310547,227.9838487455824,193.98215162062854
2024-07-08,227.08999633789065,227.8500061035156,223.25,227.82000732421875,227.82000732421875,59085900,212.65000076293944,8.361707459120813,68.85608656630029,7.879378004479861,7.025682618184401,212.65000076293944,229.37341568118106,195.92658584469783
2024-07-09,227.92999267578125,229.3999938964844,226.3699951171875,228.67999267578125,228.67999267578125,48076100,214.2395004272461,8.228633239421821,66.08624955496909,8.201304373952013,7.260806969337924,214.2395004272461,230.69676690608975,197.78223394840245
2024-07-10,229.3000030517578,233.0800018310547,229.25,232.97999572753903,232.97999572753903,62627700,216.23250045776368,7.651038360611007,73.80892030752393,8.70308391685299,7.549262358840938,216.23250045776368,231.5345771789857,200.93042373654166
2024-07-11,231.38999938964844,232.38999938964844,225.77000427246097,227.57000732421875,227.57000732421875,64710600,217.25350112915038,7.737222611326007,72.33460686794314,8.565469567386884,7.752503800550127,217.25350112915038,232.7279463518024,201.77905590649837
2024-07-12,228.9199981689453,232.63999938964844,228.67999267578125,230.5399932861328,230.5399932861328,53046500,218.1270004272461,8.21166338029171,78.22678835832124,8.596961825395027,7.921395405519108,218.1270004272461,234.5503271878295,201.70367366666267
2024-07-15,236.47999572753903,237.22999572753903,233.08999633789065,234.3999938964844,234.3999938964844,62631300,219.1349998474121,8.91650516905069,79.81380393977568,8.831584448587364,8.103433214132759,219.1349998474121,236.9680101855135,201.30198950931072
2024-07-16,235.0,236.27000427246097,232.3300018310547,234.82000732421875,234.82000732421875,43234300,220.25149993896486,9.424238862621582,79.5773038388493,8.948266099755756,8.272399791257358,220.25149993896486,239.099977664208,201.4030222137217
2024-07-17,229.4499969482422,231.4600067138672,226.63999938964844,228.8800048828125,228.8800048828125,57345900,220.86200027465821,9.574305015577421,67.25546691750961,8.463862456772603,8.310692324360408,220.86200027465821,240.01061030581306,201.71339024350337
2024-07-18,230.27999877929688,230.44000244140625,222.27000427246097,224.17999267578125,224.17999267578125,66034600,221.35650024414062,9.471859172292888,60.256393536287014,7.612959911347133,8.171145841757754,221.35650024414062,240.3002185887264,202.41278189955483
2024-07-19,224.82000732421875,226.8000030517578,223.27999877929688,224.30999755859375,224.30999755859375,49151500,222.08800048828124,9.079435041154097,64.94867862710248,6.869911754883759,7.910899024382956,222.08800048828124,240.24687057058944,203.92913040597304
2024-07-22,227.0099945068359,227.77999877929688,223.08999633789065,223.9600067138672,223.9600067138672,48201800,222.9115005493164,8.407786413372301,59.01025706543815,6.181542428105132,7.565027705127392,222.9115005493164,239.727073376061,206.0959277225718
2024-07-23,224.3699951171875,226.94000244140625,222.67999267578125,225.0099945068359,225.0099945068359,39960300,223.75500030517577,7.660916424161795,56.31325653803313,5.655536512511333,7.18312946660418,223.75500030517577,239.07683315349936,208.43316745685217
2024-07-24,224.0,224.8000030517578,217.1300048828125,218.5399932861328,218.5399932861328,61777600,224.22849960327147,6.966711889043325,46.47787135331558,4.662847603628052,6.679073094008955,224.22849960327147,238.16192338135812,210.29507582518482
2024-07-25,218.92999267578125,220.8500061035156,214.6199951171875,217.4900054931641,217.4900054931641,51391200,224.44049987792968,6.673385408343835,38.650940594001234,3.7482023085837852,6.0928989369239215,224.44049987792968,237.78727069461735,211.09372906124202
2024-07-26,218.6999969482422,219.4900054931641,216.0099945068359,217.9600067138672,217.9600067138672,41601300,224.63349990844728,6.4091767402718824,37.01947124511104,3.0263782880942642,5.479594807157991,224.63349990844728,237.45185338899105,211.8151464279035
2024-07-29,216.9600067138672,219.3000030517578,215.75,218.2400054931641,218.2400054931641,36311800,225.0145004272461,5.721927397347937,36.042789912057906,2.4486940916079902,4.873414664047991,225.0145004272461,236.45835522194199,213.57064563255022
2024-07-30,219.19000244140625,220.3300018310547,216.1199951171875,218.8000030517578,218.8000030517578,41643800,225.11700057983398,5.582757733755296,28.936417128299013,2.012859337307333,4.301303598699859,225.11700057983398,236.2825160473446,213.95148511232338
2024-07-31,221.44000244140625,223.82000732421875,220.6300048828125,222.0800018310547,222.0800018310547,50036300,225.20750045776367,5.514300442345483,41.29399244754876,1.910107118043527,3.823064302568593,225.20750045776367,236.23610134245465,214.1788995730727
2024-08-01,224.3699951171875,224.47999572753903,217.02000427246097,218.36000061035156,218.36000061035156,62501000,225.04800033569336,5.669608912100137,31.13383962766278,1.5110834059369438,3.360668123242263,225.04800033569336,236.38721815989362,213.7087825114931
2024-08-02,219.1499938964844,225.6000061035156,217.7100067138672,219.86000061035156,219.86000061035156,105568600,224.7240005493164,5.776045858161678,25.70188139044687,1.3008957864125534,2.9487136558763214,224.7240005493164,236.27609226563976,213.17190883299304
2024-08-05,199.08999633789065,213.5,196.0,209.27000427246097,209.27000427246097,119548600,223.7965003967285,6.6725163787535555,18.1341792088338,0.2766078206695681,2.414292488834971,223.7965003967285,237.14153315423562,210.4514676392214
2024-08-06,205.3000030517578,209.9900054931641,201.07000732421875,207.22999572753903,207.22999572753903,69660500,222.7240005493164,7.516726902927485,20.088398973414854,-0.6917849460535592,1.7930770018572648,222.7240005493164,237.75745435517138,207.69054674346143
2024-08-07,206.8999938964844,213.63999938964844,206.38999938964844,209.82000732421875,209.82000732421875,63516400,221.56600112915038,7.636583812723374,28.931938072932354,-1.2360030268444575,1.1872609961169205,221.56600112915038,236.83916875459713,206.29283350370363
